,epoch,adjusted rand score
0,0.0,0.6286235794575908
0,5.0,0.44962763075667583
0,10.0,0.6730567174038173
0,15.0,0.9142874963428702
0,20.0,0.7524154725892579
