,epoch,adjusted rand score
0,0.0,0.6209853951391284
0,5.0,0.8948323638213094
0,10.0,0.9372842059967019
0,15.0,0.9146993958054822
0,20.0,0.8587358689672586
