,epoch,adjusted rand score
0,0.0,0.4442038603163581
0,5.0,0.7974379127243812
0,10.0,0.8810178482725469
0,15.0,0.9263802633911011
0,20.0,0.9296867390641486
