,epoch,adjusted rand score
0,0.0,0.5305404821261854
0,5.0,0.9189760220555219
0,10.0,0.8423110482782765
0,15.0,0.8729728306593665
0,20.0,0.8908198808818546
