,epoch,adjusted rand score
0,0.0,0.43592098679837554
0,5.0,0.49710939897790035
0,10.0,0.3541246133796776
0,15.0,0.6200501291729796
0,20.0,0.9187015240193898
