,epoch,adjusted rand score
0,0.0,0.3547063663476525
0,5.0,0.8722588907193379
0,10.0,0.9230624272043642
0,15.0,0.9011540073041768
0,20.0,0.9155727369427709
