,epoch,adjusted rand score
0,0.0,0.5760608894141391
0,5.0,0.9091561885960462
0,10.0,0.9335713437389939
0,15.0,0.9263486028704025
0,20.0,0.9111868646505736
