,epoch,adjusted rand score
0,0.0,0.5347376763633864
0,5.0,0.8660107251967044
0,10.0,0.9032604149906661
0,15.0,0.9487667486602536
0,20.0,0.9261393924596464
