,epoch,adjusted rand score
0,0.0,0.45542949086833046
0,5.0,0.9331434150765422
0,10.0,0.843790052465337
0,15.0,0.8891291566838857
0,20.0,0.9295182775149837
