,epoch,adjusted rand score
0,0.0,0.6260873022290142
0,5.0,0.5093361230615534
0,10.0,0.6368256440257534
0,15.0,0.9226624595981346
0,20.0,0.8725316717676382
