,epoch,adjusted rand score
0,0.0,0.4843037657925331
0,5.0,0.8811161645373968
0,10.0,0.9082611193776781
0,15.0,0.9160000524615038
0,20.0,0.9374572977208705
