,epoch,adjusted rand score
0,0.0,0.6455316259724448
0,5.0,0.7310729441412888
0,10.0,0.9060507584109576
0,15.0,0.9259251534297097
0,20.0,0.9487793062283509
