,epoch,adjusted rand score
0,0.0,0.6508953470872499
0,5.0,0.9257913632176378
0,10.0,0.9086511644912976
0,15.0,0.9415386216307302
0,20.0,0.9147528305901594
