,epoch,adjusted rand score
0,0.0,0.39781380766903035
0,5.0,0.9228080622089108
0,10.0,0.9336452109056829
0,15.0,0.8860489475956457
0,20.0,0.8770263434035686
