,epoch,adjusted rand score
0,0.0,0.49275616386840543
0,5.0,0.40070546819615666
0,10.0,0.6215316351332816
0,15.0,0.5599449259390679
0,20.0,0.6193570968232209
