,epoch,adjusted rand score
0,0.0,0.5644170649326846
0,5.0,0.16996857256790704
0,10.0,0.4452666792750174
0,15.0,0.6129602884183946
0,20.0,0.9116139304998945
