,epoch,adjusted rand score
0,0.0,0.5935103804891158
0,5.0,0.6374185663038918
0,10.0,0.5809248879560288
0,15.0,0.8280688390604022
0,20.0,0.9228673109916877
