,epoch,adjusted rand score
0,0.0,0.6042246925393416
0,5.0,0.30656904085209336
0,10.0,0.5600566898225812
0,15.0,0.7966472342936867
0,20.0,0.6731960421427734
