,epoch,adjusted rand score
0,0.0,0.5743724065306327
0,5.0,0.4098068089004026
0,10.0,0.6084587822923676
0,15.0,0.5574484767740809
0,20.0,0.5431923802736567
