,epoch,adjusted rand score
0,0.0,0.5582812782678513
0,5.0,0.4697572271847647
0,10.0,0.37441038113345293
0,15.0,0.49580540504959364
0,20.0,0.6333401214080935
