,epoch,adjusted rand score
0,0.0,0.6240442689042071
0,5.0,0.42293986579990134
0,10.0,0.6017872382616976
0,15.0,0.6959756526335268
0,20.0,0.6332943953554987
