,epoch,adjusted rand score
0,0.0,0.5020928665421168
0,5.0,0.9011943785332633
0,10.0,0.9085862401658447
0,15.0,0.9310236605401553
0,20.0,0.8962766394736124
