,epoch,adjusted rand score
0,0.0,0.5369728589902464
0,5.0,0.505261164035921
0,10.0,0.669260507972663
0,15.0,0.6484183045665632
0,20.0,0.6536175062374854
