,epoch,adjusted rand score
0,0.0,0.5184660616400201
0,5.0,0.3749802177878652
0,10.0,0.4968075250938753
0,15.0,0.5775797516603883
0,20.0,0.6122522248277444
