,epoch,adjusted rand score
0,0.0,0.6107828239170392
0,5.0,0.9449732026154132
0,10.0,0.9150213826091075
0,15.0,0.927197608816294
0,20.0,0.9449791442450822
