,epoch,adjusted rand score
0,0.0,0.6116769696275988
0,5.0,0.8862102452693711
0,10.0,0.8629223456470128
0,15.0,0.9123005208265442
0,20.0,0.9374706099084646
