,epoch,adjusted rand score
0,0.0,0.46861643246496537
0,5.0,0.8591729735119
0,10.0,0.8650068735898627
0,15.0,0.9018400001637724
0,20.0,0.8838732934831759
