,epoch,adjusted rand score
0,0.0,0.701347897348906
0,5.0,0.63386932780054
0,10.0,0.5257337653018984
0,15.0,0.6910186749856251
0,20.0,0.7906722569885638
