,epoch,adjusted rand score
0,0.0,0.6012767646081895
0,5.0,0.902003062442107
0,10.0,0.8733006772215262
0,15.0,0.9239075790941369
0,20.0,0.9266848325412782
