,epoch,adjusted rand score
0,0.0,0.4855655074420708
0,5.0,0.6031763284548929
0,10.0,0.6470440092681322
0,15.0,0.7086727771378947
0,20.0,0.9486791709150536
