,epoch,adjusted rand score
0,0.0,0.5290318311933467
0,5.0,0.534702083498379
0,10.0,0.694943979846018
0,15.0,0.7835282216836958
0,20.0,0.8871443469778507
