,epoch,adjusted rand score
0,0.0,0.6109762447938418
0,5.0,0.870018155683733
0,10.0,0.9415611467093021
0,15.0,0.9525755659786117
0,20.0,0.9446744808663231
