,epoch,adjusted rand score
0,0.0,0.3354571265153262
0,5.0,0.6793169508204127
0,10.0,0.6207259731013659
0,15.0,0.6430484229923198
0,20.0,0.9299364377606785
