,epoch,adjusted rand score
0,0.0,0.6476739849277895
0,5.0,0.793388971668567
0,10.0,0.8912195061933765
0,15.0,0.922037410806505
0,20.0,0.927303517698502
