,epoch,adjusted rand score
0,0.0,0.48654174173152165
0,5.0,0.9379897094010848
0,10.0,0.8811325596150122
0,15.0,0.8659443361465898
0,20.0,0.9565816456336939
