,epoch,adjusted rand score
0,0.0,0.7465909522874871
0,5.0,0.9094983975061753
0,10.0,0.9151752975830268
0,15.0,0.9336501471332319
0,20.0,0.9338571134282156
