,epoch,adjusted rand score
0,0.0,0.4563554929228147
0,5.0,0.703729423122448
0,10.0,0.7414335132733626
0,15.0,0.8690222307072634
0,20.0,0.6517525831926774
