,epoch,adjusted rand score
0,0.0,0.5678999792062996
0,5.0,0.9298463459568762
0,10.0,0.7229315153614045
0,15.0,0.8948449475705457
0,20.0,0.9372445673159954
