,epoch,adjusted rand score
0,0.0,0.6348612623949301
0,5.0,0.5445667371131054
0,10.0,0.6806251111692113
0,15.0,0.8721324196791047
0,20.0,0.9525806866586161
