,epoch,adjusted rand score
0,0.0,0.7612806187020263
0,5.0,0.6283222536553722
0,10.0,0.7186694634477954
0,15.0,0.7340962266775289
0,20.0,0.8509823157634911
