,epoch,adjusted rand score
0,0.0,0.5111451679710929
0,5.0,0.8550341629546294
0,10.0,0.9072337150633867
0,15.0,0.8555993290868122
0,20.0,0.9488000419975205
