,epoch,adjusted rand score
0,0.0,0.6297270958442622
0,5.0,0.43717373481235505
0,10.0,0.6585163125525352
0,15.0,0.8065413978413845
0,20.0,0.8969342757717388
