,epoch,adjusted rand score
0,0.0,0.6425465741209689
0,5.0,0.6357829714032676
0,10.0,0.7992428662128745
0,15.0,0.7252508606403636
0,20.0,0.9115783200994068
