,epoch,adjusted rand score
0,0.0,0.4651527981329574
0,5.0,0.9187234441977842
0,10.0,0.909491715142575
0,15.0,0.9372455810865135
0,20.0,0.9119288471409861
