,epoch,adjusted rand score
0,0.0,0.49378137654506465
0,5.0,0.8253354154199742
0,10.0,0.8092378754413385
0,15.0,0.9191463946822939
0,20.0,0.9448970106017246
