,epoch,adjusted rand score
0,0.0,0.46239533048575876
0,5.0,0.35651148716423786
0,10.0,0.44381949627073397
0,15.0,0.6268434695496468
0,20.0,0.8681962809239342
