,epoch,adjusted rand score
0,0.0,0.6159656542471624
0,5.0,0.8845083911613473
0,10.0,0.8368214217443013
0,15.0,0.9342499021793248
0,20.0,0.8622618162867239
