,epoch,adjusted rand score
0,0.0,0.5687997468794973
0,5.0,0.8492463098246158
0,10.0,0.9335041807842421
0,15.0,0.9266273917421277
0,20.0,0.9334570226355193
