,epoch,adjusted rand score
0,0.0,0.4578699183984813
0,5.0,0.637086991134833
0,10.0,0.8926953544557984
0,15.0,0.9339017154614242
0,20.0,0.9376437084617609
