,epoch,adjusted rand score
0,0.0,0.450579893592506
0,5.0,0.5519902946799001
0,10.0,0.6435731011065005
0,15.0,0.8553713408559073
0,20.0,0.8769348438714775
