,epoch,adjusted rand score
0,0.0,0.4437116068571194
0,5.0,0.3805306085887372
0,10.0,0.44080216833538427
0,15.0,0.5923479887019141
0,20.0,0.8209609828205665
