,epoch,adjusted rand score
0,0.0,0.5232448109675925
0,5.0,0.7148815950379954
0,10.0,0.9150658894414724
0,15.0,0.7841167664920488
0,20.0,0.9296796090685975
