,epoch,adjusted rand score
0,0.0,0.4122781455551983
0,5.0,0.42914358581053746
0,10.0,0.46253584587543684
0,15.0,0.760901291993515
0,20.0,0.8975734641202124
