,epoch,adjusted rand score
0,0.0,0.5624144169777997
0,5.0,0.7184351635901678
0,10.0,0.9033753734300539
0,15.0,0.9374722980250627
0,20.0,0.9350876476352626
