,epoch,adjusted rand score
0,0.0,0.4033355101477209
0,5.0,0.6156270340940547
0,10.0,0.6073904542084884
0,15.0,0.7720233833270421
0,20.0,0.8501305599629685
