,epoch,adjusted rand score
0,0.0,0.5516703361010773
0,5.0,0.4891106268231849
0,10.0,0.5400612668150769
0,15.0,0.7387260588542203
0,20.0,0.9075867579923272
