,epoch,adjusted rand score
0,0.0,0.40320648107478124
0,5.0,0.9037257793319854
0,10.0,0.9151798728196947
0,15.0,0.9169860220611191
0,20.0,0.9014295837963527
