,epoch,adjusted rand score
0,0.0,0.6112906506244987
0,5.0,0.8104182326679793
0,10.0,0.9258556987395387
0,15.0,0.8788103140749031
0,20.0,0.9374715473528774
