,epoch,adjusted rand score
0,0.0,0.24183174839978105
0,5.0,0.694652596486001
0,10.0,0.7414554002719124
0,15.0,0.8678164384386053
0,20.0,0.8566984888711492
