,epoch,adjusted rand score
0,0.0,0.17729572653417267
0,5.0,0.7465385676775442
0,10.0,0.7055689968238723
0,15.0,0.8148986984683644
0,20.0,0.8703970972959604
