,epoch,adjusted rand score
0,0.0,0.3542514743436222
0,5.0,0.7408844323499226
0,10.0,0.7278299293189033
0,15.0,0.8603380685455121
0,20.0,0.8075044331965041
