,epoch,adjusted rand score
0,0.0,0.2987219782123157
0,5.0,0.3147970468263999
0,10.0,0.36962548914073123
0,15.0,0.694879200118981
0,20.0,0.6403568272786782
