,epoch,adjusted rand score
0,0.0,0.40947824550566625
0,5.0,0.8305472966427454
0,10.0,0.7843692057598748
0,15.0,0.8296815002014388
0,20.0,0.8161427243038526
