,epoch,adjusted rand score
0,0.0,0.2665753230049195
0,5.0,0.6930845505408418
0,10.0,0.7909429064606008
0,15.0,0.6967642583972427
0,20.0,0.8722139497078275
