,epoch,adjusted rand score
0,0.0,0.2670008771799018
0,5.0,0.4115243551225515
0,10.0,0.48765397853980125
0,15.0,0.8131840326169592
0,20.0,0.6041607834685895
