,epoch,adjusted rand score
0,0.0,0.22309994656323714
0,5.0,0.46462027375638576
0,10.0,0.6402606660572453
0,15.0,0.5376352044366123
0,20.0,0.6203579723418697
