,epoch,adjusted rand score
0,0.0,0.2511297829179659
0,5.0,0.7511595062612129
0,10.0,0.6603000601550855
0,15.0,0.7778404093905714
0,20.0,0.8129331850283265
