,epoch,adjusted rand score
0,0.0,0.19996263505889486
0,5.0,0.6365609017230798
0,10.0,0.7569882075319602
0,15.0,0.8265295041676095
0,20.0,0.8524709472561813
