,epoch,adjusted rand score
0,0.0,0.2035916264897957
0,5.0,0.4784029703478328
0,10.0,0.4189049880882368
0,15.0,0.5996994797216999
0,20.0,0.6723802414105375
