,epoch,adjusted rand score
0,0.0,0.29635046633721224
0,5.0,0.7105111211659316
0,10.0,0.7166341062150875
0,15.0,0.8330599417473222
0,20.0,0.8289952270964323
