,epoch,adjusted rand score
0,0.0,0.3000015254665177
0,5.0,0.37142075058289103
0,10.0,0.5386604763038776
0,15.0,0.6199410752553348
0,20.0,0.6132199029789185
