,epoch,adjusted rand score
0,0.0,0.2595309472170806
0,5.0,0.45289718993923833
0,10.0,0.4923192862270269
0,15.0,0.6392005580867182
0,20.0,0.565792365339751
