,epoch,adjusted rand score
0,0.0,0.2785647309476574
0,5.0,0.27377729388833527
0,10.0,0.47439288057374274
0,15.0,0.7775867278155295
0,20.0,0.5316309670897353
