,epoch,adjusted rand score
0,0.0,0.30435640504342043
0,5.0,0.5055901382957755
0,10.0,0.5540466397408578
0,15.0,0.6851221275687263
0,20.0,0.6194582242094173
