,epoch,adjusted rand score
0,0.0,0.33234759271033254
0,5.0,0.6053125138419765
0,10.0,0.5498930422821493
0,15.0,0.594746444551868
0,20.0,0.7799907781600781
