,epoch,adjusted rand score
0,0.0,0.2877995332021693
0,5.0,0.6809858304333501
0,10.0,0.6622257727862159
0,15.0,0.8125723615658186
0,20.0,0.8600654583490468
