,epoch,adjusted rand score
0,0.0,0.2439667282116821
0,5.0,0.7289403563443305
0,10.0,0.8261753559411107
0,15.0,0.8250182779745017
0,20.0,0.8250256666631608
