,epoch,adjusted rand score
0,0.0,0.33239759778426886
0,5.0,0.7377461519629689
0,10.0,0.714445948067858
0,15.0,0.8940989223771909
0,20.0,0.8785979653982049
