,epoch,adjusted rand score
0,0.0,0.3170882768177052
0,5.0,0.504667387762816
0,10.0,0.610048017583333
0,15.0,0.6147839494333447
0,20.0,0.583951399313762
