,epoch,adjusted rand score
0,0.0,0.21545609641872518
0,5.0,0.6470702699721973
0,10.0,0.706186579349675
0,15.0,0.8836087531439407
0,20.0,0.8887913992057955
