,epoch,adjusted rand score
0,0.0,0.2747380754426859
0,5.0,0.6327488186290597
0,10.0,0.6128383428127712
0,15.0,0.679904855659128
0,20.0,0.7502070710661316
