,epoch,adjusted rand score
0,0.0,0.24310034608042963
0,5.0,0.669864199987338
0,10.0,0.8087118651981433
0,15.0,0.8605157248545706
0,20.0,0.8324987969978236
