,epoch,adjusted rand score
0,0.0,0.3001856975953469
0,5.0,0.33977200567773896
0,10.0,0.41360358929105906
0,15.0,0.5969827595907778
0,20.0,0.705216080795285
