,epoch,adjusted rand score
0,0.0,0.257606380538664
0,5.0,0.1611845890582503
0,10.0,0.4863168791759223
0,15.0,0.6110648648982001
0,20.0,0.56557052423918
