,epoch,adjusted rand score
0,0.0,0.14417888385074987
0,5.0,0.6979673979436716
0,10.0,0.8113130901871186
0,15.0,0.762675472765622
0,20.0,0.8482638314489692
