,epoch,adjusted rand score
0,0.0,0.28258739588291804
0,5.0,0.3721545496916221
0,10.0,0.6135321846374401
0,15.0,0.6006586062967062
0,20.0,0.6775610895300759
