,epoch,adjusted rand score
0,0.0,0.13163944279752712
0,5.0,0.4298271485950824
0,10.0,0.516198168098479
0,15.0,0.5548942258909095
0,20.0,0.7109415549488838
