,epoch,adjusted rand score
0,0.0,0.23344668396860155
0,5.0,0.32593799164919884
0,10.0,0.4821459716104012
0,15.0,0.6552518985686404
0,20.0,0.6858393960204676
