,epoch,adjusted rand score
0,0.0,0.21353661650253594
0,5.0,0.7329458333588789
0,10.0,0.6641026485888916
0,15.0,0.698761582304369
0,20.0,0.8391408305610685
