,epoch,adjusted rand score
0,0.0,0.3197956410019119
0,5.0,0.6760455519608131
0,10.0,0.7507988278751936
0,15.0,0.8631121430601896
0,20.0,0.8673924541813878
