,epoch,adjusted rand score
0,0.0,0.29778568235137337
0,5.0,0.7497837206222077
0,10.0,0.5843509211975813
0,15.0,0.8619671222146422
0,20.0,0.8756289283592005
