,epoch,adjusted rand score
0,0.0,0.1955864353927528
0,5.0,0.8020966154207346
0,10.0,0.6829656264133199
0,15.0,0.8719732089613486
0,20.0,0.8733192607708016
