,epoch,adjusted rand score
0,0.0,0.32824119694007226
0,5.0,0.6812310629581071
0,10.0,0.7462640173148336
0,15.0,0.8813094599699239
0,20.0,0.8311306007937956
