,epoch,adjusted rand score
0,0.0,0.2633346315070357
0,5.0,0.6263293927067161
0,10.0,0.7419284328965627
0,15.0,0.9007735240637459
0,20.0,0.8779954735562507
