,epoch,adjusted rand score
0,0.0,0.20906752612780133
0,5.0,0.7207563723951103
0,10.0,0.5792976144659895
0,15.0,0.8139992412481001
0,20.0,0.887505694467081
