,epoch,adjusted rand score
0,0.0,0.18482125430791713
0,5.0,0.6163894801661844
0,10.0,0.7859043375814068
0,15.0,0.855459540836534
0,20.0,0.8636235685448228
