,epoch,adjusted rand score
0,0.0,0.1351018283803208
0,5.0,0.6295980438541559
0,10.0,0.7247823052565583
0,15.0,0.8818816517785689
0,20.0,0.8518811066249742
