,epoch,adjusted rand score
0,0.0,0.4551238409355943
0,5.0,0.7793032111983386
0,10.0,0.6966202001812237
0,15.0,0.8648016994987453
0,20.0,0.802295079572937
