,epoch,adjusted rand score
0,0.0,0.3094436254764944
0,5.0,0.1877601416801138
0,10.0,0.3780099537103802
0,15.0,0.6496944540528076
0,20.0,0.8199146706433069
