,epoch,adjusted rand score
0,0.0,0.2595038524542348
0,5.0,0.25927052708783643
0,10.0,0.37000235793598407
0,15.0,0.5175634912478505
0,20.0,0.6335102723174303
