,epoch,adjusted rand score
0,0.0,0.25087347176296726
0,5.0,0.6863947472221347
0,10.0,0.7271398708444704
0,15.0,0.8517609844384421
0,20.0,0.8970756446667741
