,epoch,adjusted rand score
0,0.0,0.2200715255309816
0,5.0,0.6025115591069421
0,10.0,0.753313938013969
0,15.0,0.7281338086294559
0,20.0,0.8351034020211451
