,epoch,adjusted rand score
0,0.0,0.21290453782306273
0,5.0,0.5983782468369516
0,10.0,0.6634764665863945
0,15.0,0.8670350520597219
0,20.0,0.8768461400104938
