,epoch,adjusted rand score
0,0.0,0.26693041723586713
0,5.0,0.7612672276798589
0,10.0,0.8025062520866463
0,15.0,0.7570301416031794
0,20.0,0.8745630112813171
