,epoch,adjusted rand score
0,0.0,0.18660927875013547
0,5.0,0.7007636706830195
0,10.0,0.8422591449757129
0,15.0,0.7679835985568714
0,20.0,0.8803091615907462
