,epoch,adjusted rand score
0,0.0,0.19553533952374064
0,5.0,0.5950908571125008
0,10.0,0.432185297480182
0,15.0,0.7629838713674109
0,20.0,0.7132702009662374
