,epoch,adjusted rand score
0,0.0,0.20385442983753974
0,5.0,0.43527745136874335
0,10.0,0.5387436934733251
0,15.0,0.565583144807831
0,20.0,0.5683382600735171
