,epoch,adjusted rand score
0,0.0,0.3236953225003481
0,5.0,0.7025661152448633
0,10.0,0.729613154315136
0,15.0,0.6956094199469528
0,20.0,0.8887224962840228
