,epoch,adjusted rand score
0,0.0,0.33509279833821176
0,5.0,0.5270377494884272
0,10.0,0.6596023221722087
0,15.0,0.8503559082187343
0,20.0,0.8348140246051037
